<mediawiki xml:lang="te" version="0.10" xsi:schemaLocation="http://www.mediawiki.org/xml/export-0.10/ http://www.mediawiki.org/xml/export-0.10.xsd" xmlns:xsi="http://www.w3.org/2001/XMLSchema-instance" xmlns="http://www.mediawiki.org/xml/export-0.10/">


<siteinfo>

<sitename>tewiki</sitename>

<dbname>indicwiki</dbname>

<base>https://tewiki.iiit.ac.in/index.php?title=%E0%B0%AE%E0%B1%8A%E0%B0%A6%E0%B0%9F%E0%B0%BF_%E0%B0%AA%E0%B1%87%E0%B0%9C%E0%B1%80</base>

<generator>MediaWiki 1.34.0</generator>

<case>first-letter</case>


<namespaces>

<namespace case="first-letter" key="-2">మీడియా</namespace>

<namespace case="first-letter" key="-1">ప్రత్యేక</namespace>

<namespace case="first-letter" key="0"/>

<namespace case="first-letter" key="1">చర్చ</namespace>

<namespace case="first-letter" key="2">వాడుకరి</namespace>

<namespace case="first-letter" key="3">వాడుకరి చర్చ</namespace>

<namespace case="first-letter" key="4">Project</namespace>

<namespace case="first-letter" key="5">Project చర్చ</namespace>

<namespace case="first-letter" key="6">దస్త్రం</namespace>

<namespace case="first-letter" key="7">దస్త్రంపై చర్చ</namespace>

<namespace case="first-letter" key="8">మీడియావికీ</namespace>

<namespace case="first-letter" key="9">మీడియావికీ చర్చ</namespace>

<namespace case="first-letter" key="10">మూస</namespace>

<namespace case="first-letter" key="11">మూస చర్చ</namespace>

<namespace case="first-letter" key="12">సహాయం</namespace>

<namespace case="first-letter" key="13">సహాయం చర్చ</namespace>

<namespace case="first-letter" key="14">వర్గం</namespace>

<namespace case="first-letter" key="15">వర్గం చర్చ</namespace>

<namespace case="first-letter" key="106">Form</namespace>

<namespace case="first-letter" key="107">Form talk</namespace>

<namespace case="first-letter" key="120">Item</namespace>

<namespace case="first-letter" key="121">Item talk</namespace>

<namespace case="first-letter" key="122">Property</namespace>

<namespace case="first-letter" key="123">Property talk</namespace>

<namespace case="first-letter" key="482">Config</namespace>

<namespace case="first-letter" key="483">Config talk</namespace>

<namespace case="first-letter" key="710">TimedText</namespace>

<namespace case="first-letter" key="711">TimedText talk</namespace>

<namespace case="first-letter" key="828">మాడ్యూల్</namespace>

<namespace case="first-letter" key="829">మాడ్యూల్ చర్చ</namespace>

<namespace case="first-letter" key="2300">Gadget</namespace>

<namespace case="first-letter" key="2301">Gadget talk</namespace>

<namespace case="case-sensitive" key="2302">Gadget definition</namespace>

<namespace case="case-sensitive" key="2303">Gadget definition talk</namespace>

<namespace case="first-letter" key="2600">Topic</namespace>

<namespace case="first-letter" key="3022">Tewiki</namespace>

<namespace case="first-letter" key="3023">Tewiki talk</namespace>

</namespaces>

</siteinfo>


	<page>
		<title>భారత్ హెవీ ఎలక్ట్రికల్స్ లిమిటెడ్</title>
		<ns>0</ns>
		<id>721000</id>
		<revision>
			<id>721000</id>
			<timestamp>2022-05-02T16-31-54Z</timestamp>
			<contributor>
				<username>Vardhan</username>
				<id>18853</id>
			</contributor>
			<comment>xmlpage created</comment>
			<model>wikitext</model>
			<format>text/x-wiki</format>
			<text xml:space="preserve" bytes="5972">
			
{{Infobox company| logo = BHEL_logo.svg| name = భారత్ హెవీ ఎలక్ట్రికల్స్ లిమిటెడ్
| hq_location_country = భారతదేశం| hq_location = ఢిల్లీ| type =  పబ్లిక్| Industry_telugu = విద్యుత్ పరికరాలు
    | traded_as = {{BSE|500103.0}}, {{NSE|BHEL}}
| ISIN = INE257A01026| owner = భారత ప్రభుత్వం (63.17%)| founded = 13 నవంబర్ 1964| hq_location_city = RoC-ఢిల్లీ| key_people = నలిన్ షింఘల్, (ఛైర్మన్ &amp; మేనేజింగ్ డైరెక్టర్)| assets = ₹60,784.32 కోట్లు (యు.ఎస్.$8.0 బిలియన్) (2020)| Products_telugu = గ్యాస్, ఆవిరి టర్బైన్లు, బాయిలర్లు, ఎలక్ట్రిక్ మోటార్లు, ఎలక్ట్రిక్ లోకోమోటివ్స్, జనరేటర్లు, ఉష్ణ వినిమాయకాలు, స్విచ్ గేర్లు, సెన్సార్లు, ఆటోమేషన్, కంట్రోల్ సిస్టమ్స్, పవర్ ఎలక్ట్రానిక్స్, ప్రసార వ్యవస్థలు| Number_of_employees_telugu = 31,708(మార్చి 2021)| Website_telugu = www.bhel.com}}


&apos;&apos;&apos;భారత్ హెవీ ఎలక్ట్రికల్స్ లిమిటెడ్&apos;&apos;&apos; సంస్థ  భారతదేశంలోని ఢిల్లీ రాష్ట్రంలో స్థాపించబడిన ఒక ప్రభుత్వ రంగ సంస్థ. ఈ సంస్థ కార్యాలయం మొదటిగా RoC-ఢిల్లీలో గల రిజిస్ట్రార్ ఆఫ్ కంపెనీస్ వద్ద నమోదు చేయబడిన భారత ప్రభుత్వానికి చెందిన కంపెనీలుగా వర్గీకరించబడింది. భారత్ హెవీ ఎలక్ట్రికల్స్ లిమిటెడ్ సంస్థ  ప్రధాన కార్యకలాపాలు ఇతర వ్యాపార కార్యకలాపాలు రంగంలో కలవు,విద్యుత్ పరికరాలు రంగంలో సేవలు అందిస్తుంది. ఈ సంస్థ  అధీకృత వాటా మూలధనం(ఆర్థరైజ్డ్ కాపిటల్) ₹20,000,000,000 , దాని చెల్లించిన మూలధనం(పైడ్అప్ కాపిటల్) ₹6,964,126,700. భారత్ హెవీ ఎలక్ట్రికల్స్ లిమిటెడ్ సంస్థకి ప్రస్తుతం నలిన్ షింఘల్, (ఛైర్మన్ &amp; మేనేజింగ్ డైరెక్టర్) డైరెక్టర్లుగా నియమించబడ్డారు. భారత్ హెవీ ఎలక్ట్రికల్స్ లిమిటెడ్ సంస్థ ప్రస్తుతం చురుకుగా కార్యకలాపాలు సాగిస్తుంది. 

== చరిత్ర ==
    బి.హెచ్.ఈ.ఎల్ భారతదేశంలో 1956 సంవత్సరంలో స్థాపించబడింది. హెవీ ఎలక్ట్రికల్స్ (ఇండియా) లిమిటెడ్ 1974లో బి.హెచ్.ఈ.ఎల్తో విలీనం చేయబడింది. దీనిని 1956లో స్థాపించినప్పుడు, సోవియట్ యూనియన్ నుండి సాంకేతిక సహాయంతో బి.హెచ్.ఈ.ఎల్ సాదా తయారీ పి.ఎస్.యు.గా భావించబడింది. 1980లలో ఇది థైరిస్టర్ టెక్నాలజీలో అత్యాధునికమైంది. 1991లో, బి.హెచ్.ఈ.ఎల్ పబ్లిక్ కంపెనీగా మార్చబడింది. కాలక్రమేణా, ట్రాన్స్‌మిషన్, రవాణా, చమురు, వాయువు, ఇతర అనుబంధ పరిశ్రమలతో సహా వివిధ రంగాల కోసం వివిధ రకాల విద్యుత్, ఎలక్ట్రానిక్, మెకానికల్ పరికరాలను ఉత్పత్తి చేయగల సామర్థ్యాన్ని ఇది అభివృద్ధి చేసింది. అయినప్పటికీ, కంపెనీ ఆదాయంలో ఎక్కువ భాగం ఇప్పటికీ టర్బైన్లు, బాయిలర్లు వంటి విద్యుత్ ఉత్పాదక పరికరాల విక్రయం ద్వారా పొందబడింది. 2017 నాటికి, భారతదేశంలోని మొత్తం వ్యవస్థాపించిన విద్యుత్ ఉత్పత్తి సామర్థ్యంలో బి.హెచ్.ఈ.ఎల్ ద్వారా సరఫరా చేయబడిన పరికరాలు దాదాపు 55% ఉన్నాయి. కంపెనీ భారతీయ రైల్వేలకు ఎలక్ట్రిక్ లోకోమోటివ్‌లను, ఆర్డినెన్స్ ఫ్యాక్టరీ బోర్డ్‌తో భాగస్వామ్యంతో తయారు చేయబడిన సూపర్ రాపిడ్ గన్ మౌంట్ (ఎస్.ఆర్.జి.ఎమ్.) నావల్ గన్‌ల వంటి రక్షణ పరికరాలను, భారత సాయుధ దళాలకు సిమ్యులేటర్‌లను కూడా సరఫరా చేస్తుంది.&lt;ref&gt;https://en.wikipedia.org/wiki/Bharat_Heavy_Electricals_Limited#History&lt;/ref&gt;భారత్ హెవీ ఎలక్ట్రికల్స్ లిమిటెడ్ సంస్థ మాతృ సంస్థగా భారీ పరిశ్రమల మంత్రిత్వ శాఖ, భారత ప్రభుత్వం ఉంది , ఈ సంస్థలో భారత ప్రభుత్వం (63.17%) వాటా కలిగి ఉంది. &lt;ref&gt;https://www.bhel.com&lt;/ref&gt;

== కార్యకలాపాల ==
        బి.హెచ్.ఈ.ఎల్ 6,000 హెచ్.పి. ఎలక్ట్రిక్ లోకోమోటివ్ డబల్యు.ఎ.జి.9హెచ్. ను తయారుచేసింది. ఇది అత్యాధునిక ఇన్సులేటెడ్ గేట్ బైపోలార్ ట్రాన్సిస్టర్స్ (ఐ.జి.బి.టి.) ఆధారిత 3-ఫేజ్ ప్రొపల్షన్ సిస్టమ్‌తో పునరుత్పత్తి బ్రేకింగ్ సిస్టమ్‌తో అమర్చబడింది., బి.హెచ్.ఈ.ఎల్ నిర్మించిన రెండు సీట్ల శిక్షణ మోనోప్లేన్ భారత్ స్వాతి, బి.హెచ్.ఈ.ఎల్ నిర్మించిన సూపర్ రాపిడ్ గన్ మౌంట్ (ఎస్.ఆర్.జి.ఎమ్.) 76/62 నావల్ గన్, బి.హెచ్.ఈ.ఎల్ ఆర్థిక వ్యవస్థలోని ప్రధాన రంగాలకు సంబంధించిన విస్తృత శ్రేణి ఉత్పత్తులు, వ్యవస్థలు, సేవల రూపకల్పన, ఇంజనీరింగ్, తయారీ, నిర్మాణం, పరీక్ష, కమీషన్, సర్వీసింగ్‌లో నిమగ్నమై ఉంది. శక్తి, ప్రసారం, పరిశ్రమ, రవాణా, పునరుత్పాదక శక్తి, చమురు &amp; వాయువు, రక్షణ., ఇది 16 తయారీ యూనిట్లు, 2 మరమ్మతు యూనిట్లు, 4 ప్రాంతీయ కార్యాలయాలు, 8 సేవా కేంద్రాలు, 8 విదేశీ కార్యాలయాలు, 15 ప్రాంతీయ కేంద్రాలు, 7 జాయింట్ వెంచర్‌లు, భారతదేశంలో, విదేశాలలో ఉన్న సైట్‌లలో 150 కంటే ఎక్కువ ప్రాజెక్ట్‌లను అమలు చేయడానికి వీలు కల్పిస్తున్న ఇన్‌ఫ్రాస్ట్రక్చర్ నెట్‌వర్క్‌ను కలిగి ఉంది. కంపెనీ 20,000 ఎమ్.డబల్యు. పి..ఎ. పంపిణీ చేయగల సామర్థ్యాన్ని ఏర్పాటు చేసింది. విద్యుత్ ఉత్పాదక పరికరాల కోసం పెరుగుతున్న డిమాండ్‌ను పరిష్కరించడానికి విద్యుత్ పరికరాలు., బి.హెచ్.ఈ.ఎల్ పవర్ సెక్టార్‌లో 74% మార్కెట్ వాటాతో 2015–16లో తమ మార్కెట్ లీడర్‌షిప్ స్థానాన్ని నిలుపుకుంది. ప్రాజెక్ట్ ఎగ్జిక్యూషన్‌పై మెరుగైన దృష్టి కేంద్రీకరించడం వల్ల 2015–16లో దేశీయ, అంతర్జాతీయ మార్కెట్‌లలో 15059 మెగావాట్ల పవర్ ప్లాంట్‌ల తమ అత్యధిక కమీషన్/సింక్రొనైజేషన్‌ను బి.హెచ్.ఈ.ఎల్ రికార్డ్ చేసింది, ఇది 2014–15 కంటే 59% పెరుగుదలను సూచిస్తుంది. ఎఫ్.వై.2015-16 ఒకే సంవత్సరంలో 15000 ఎమ్.డబల్యు. తమ ఆల్-టైమ్ హై కమీషన్‌తో, బి.హెచ్.ఈ.ఎల్ 170 జి.డబల్యు. ఇన్‌స్టాల్ చేయబడిన విద్యుత్ ఉత్పత్తి పరికరాలను అధిగమించింది., ఇది 40 సంవత్సరాలుగా దాని శక్తి, పరిశ్రమల సెగ్మెంట్ ఉత్పత్తులు, సేవలను ఎగుమతి చేస్తోంది. బి.హెచ్.ఈ.ఎల్ తమ ప్రపంచ సూచనలు ప్రపంచంలోని ఆరు ఖండాలలోని 76 దేశాలలో విస్తరించి ఉన్నాయి. మలేషియా, ఒమన్, ఇరాక్, యు.ఎ.ఇ., భూటాన్, ఈజిప్ట్, న్యూజిలాండ్‌తో సహా 21 దేశాలలో బి.హెచ్.ఈ.ఎల్ తయారీ పవర్ ప్లాంట్ల తమ సంచిత ఓవర్సీస్ స్థాపిత సామర్థ్యం 9,000 ఎమ్.డబల్యు. మించిపోయింది. వారి భౌతిక ఎగుమతులు టర్న్‌కీ ప్రాజెక్ట్‌ల నుండి అమ్మకాల తర్వాత సేవల వరకు ఉంటాయి.&lt;ref&gt;https://en.wikipedia.org/wiki/Bharat_Heavy_Electricals_Limited#Operations&lt;/ref&gt;

== గుర్తింపు ==
    భారత కార్పొరేట్ వ్యవహారాల మంత్రిత్వ శాఖ (MCA), భారత్ హెవీ ఎలక్ట్రికల్స్ లిమిటెడ్  సంస్థకి కార్పొరేట్ గుర్తింపు సంఖ్య (CIN) L74899DL1964GOI004281 , దాని నమోదు సంఖ్య 4281.0 ని కేటాయించింది. &lt;ref&gt;https://www.kaggle.com/datasets/rowhitswami/all-indian-companies-registration-data-1900-2019&lt;/ref&gt;భారత్ హెవీ ఎలక్ట్రికల్స్ లిమిటెడ్ పబ్లిక్ సంస్థగా స్టాక్ మార్కెట్ లో జాబితా చేయబడింది, ఈ కంపెనీ షేర్ల ద్వారా పరిమితం చేయబడింది. 

== ఉత్పత్తులు ==
        భారత్ హెవీ ఎలక్ట్రికల్స్ లిమిటెడ్ సంస్థ విద్యుత్ పరికరాలు రంగంలో  ప్రధాన ఉత్పత్తులుగా  గ్యాస్, ఆవిరి టర్బైన్లు, బాయిలర్లు, ఎలక్ట్రిక్ మోటార్లు, ఎలక్ట్రిక్ లోకోమోటివ్స్, జనరేటర్లు, ఉష్ణ వినిమాయకాలు, స్విచ్ గేర్లు, సెన్సార్లు, ఆటోమేషన్, కంట్రోల్ సిస్టమ్స్, పవర్ ఎలక్ట్రానిక్స్, ప్రసార వ్యవస్థలు ఉన్నాయి. 
    

== మూలాలు ==
{{మూలాలజాబితా}}


[[వర్గం: తెవికీ భారతీయ సంస్థలు ]]
    [[వర్గం: తెవికీ భారత ప్రభుత్వ సంస్థలు ]][[వర్గం: ఢిల్లీ లోని సంస్థలు ]]
			</text>
			<sha1>3d2e1ztm65dggt5rexfq85y446yfmee</sha1>
		</revision>
	</page>
	




	<page>
		<title>భారత్ పెట్రోలియం కార్పొరేషన్ లిమిటెడ్</title>
		<ns>0</ns>
		<id>721001</id>
		<revision>
			<id>721001</id>
			<timestamp>2022-05-02T16-31-54Z</timestamp>
			<contributor>
				<username>Vardhan</username>
				<id>18853</id>
			</contributor>
			<comment>xmlpage created</comment>
			<model>wikitext</model>
			<format>text/x-wiki</format>
			<text xml:space="preserve" bytes="5495">
			
{{Infobox company| logo = Bharat_Petroleum_Logo.svg| name = భారత్ పెట్రోలియం కార్పొరేషన్ లిమిటెడ్
| hq_location_country = భారతదేశం| hq_location = మహారాష్ట్ర| type =  పబ్లిక్| Industry_telugu = శక్తి: చమురు, వాయువు
    | traded_as = {{BSE|500547.0}}, {{NSE|BPCL}}
| ISIN = INE029A01011| owner = భారత ప్రభుత్వం (52.98%)| founded = 03 నవంబర్ 1952| hq_location_city = RoC-ముంబయి| key_people = అరుణ్ కుమార్ సింగ్, (ఛైర్మన్ &amp; ఎండి )| assets = ₹140,604 కోట్లు (యు.ఎస్.$18 బిలియన్లు) (2021)| Products_telugu = పెట్రోలియం, సహజ వాయువు, ఎల్.ఎన్.జి కందెనలు, పెట్రోకెమికల్స్| Number_of_employees_telugu = 9257 (మార్చి 2021)| Website_telugu = www.bharatpetroleum.com}}


&apos;&apos;&apos;భారత్ పెట్రోలియం కార్పొరేషన్ లిమిటెడ్&apos;&apos;&apos; సంస్థ  భారతదేశంలోని మహారాష్ట్ర రాష్ట్రంలో స్థాపించబడిన ఒక ప్రభుత్వ రంగ సంస్థ. ఈ సంస్థ కార్యాలయం మొదటిగా RoC-ముంబయిలో గల రిజిస్ట్రార్ ఆఫ్ కంపెనీస్ వద్ద నమోదు చేయబడిన భారత ప్రభుత్వానికి చెందిన కంపెనీలుగా వర్గీకరించబడింది. భారత్ పెట్రోలియం కార్పొరేషన్ లిమిటెడ్ సంస్థ  ప్రధాన కార్యకలాపాలు శుద్ధి చేసిన పెట్రోలియం ఉత్పత్తుల తయారీ రంగంలో కలవు,శక్తి: చమురు, వాయువు రంగంలో సేవలు అందిస్తుంది. ఈ సంస్థ  అధీకృత వాటా మూలధనం(ఆర్థరైజ్డ్ కాపిటల్) ₹26,350,000,100 , దాని చెల్లించిన మూలధనం(పైడ్అప్ కాపిటల్) ₹21,692,526,600. భారత్ పెట్రోలియం కార్పొరేషన్ లిమిటెడ్ సంస్థకి ప్రస్తుతం అరుణ్ కుమార్ సింగ్, (ఛైర్మన్ &amp; ఎండి ) డైరెక్టర్లుగా నియమించబడ్డారు. భారత్ పెట్రోలియం కార్పొరేషన్ లిమిటెడ్ సంస్థ ప్రస్తుతం చురుకుగా కార్యకలాపాలు సాగిస్తుంది. 

== చరిత్ర ==
    భారతదేశంలోని బ్రిటిష్ వలస పాలనలో అస్సాం, బర్మాలో కొత్త ఆవిష్కరణలను అన్వేషించడానికి ఏర్పాటు చేసిన రంగూన్ ఆయిల్, ఎక్స్‌ప్లోరేషన్ కంపెనీగా నేడు బి.పి.సి.ఎల్. అని పిలువబడే కంపెనీ ప్రారంభమైంది. 1889లో విస్తారమైన పారిశ్రామిక అభివృద్ధి సమయంలో, దక్షిణాసియా మార్కెట్‌లో బర్మా ఆయిల్ కంపెనీ ఒక ముఖ్యమైన పాత్ర పోషించింది. 1886లో స్కాట్‌లాండ్‌లో విలీనం చేయబడినప్పటికీ, ఎగువ బర్మాలోని ఆదిమ చేతి తవ్విన బావుల నుండి ఉత్పత్తి చేయబడిన ముడి చమురును శుద్ధి చేయడానికి 1871లో ఏర్పడిన చెఫ్ రోహిత్ ఆయిల్ కంపెనీకి చెందిన సంస్థల నుండి కంపెనీ అభివృద్ధి చెందింది., 1928లో ఆసియాటిక్ పెట్రోలియం కంపెనీ (భారతదేశం) బర్మా ఆయిల్ కంపెనీతో సహకారాన్ని ప్రారంభించింది. ఆసియాటిక్ పెట్రోలియం అనేది జాన్ డి రాక్‌ఫెల్లర్స్ స్టాండర్డ్ ఆయిల్ గుత్తాధిపత్యాన్ని పరిష్కరించేందుకు ఏర్పడిన రాయల్ డచ్, షెల్, రోత్‌స్చైల్డ్స్ జాయింట్ వెంచర్, ఇది భారతదేశంలో ఎస్సోగా కూడా పనిచేస్తుంది. ఈ కూటమి బర్మా-షెల్ ఆయిల్ స్టోరేజ్ అండ్ డిస్ట్రిబ్యూటింగ్ కంపెనీ ఆఫ్ ఇండియా లిమిటెడ్ ఏర్పాటుకు దారితీసింది. బర్మా షెల్ కిరోసిన్ దిగుమతి, మార్కెటింగ్‌తో తమ కార్యకలాపాలను ప్రారంభించింది., 1950ల మధ్యకాలంలో, కంపెనీ భారతదేశంలోని ఇళ్లకు ఎల్.పి.జి. సిలిండర్‌లను విక్రయించడం ప్రారంభించింది, దాని డెలివరీ నెట్‌వర్క్‌ను మరింత విస్తరించింది. ఇది భారతదేశంలోని మారుమూల ప్రాంతాలకు చేరుకోవడానికి కిరోసిన్, డీజిల్, పెట్రోల్‌ను క్యాన్లలో విక్రయించింది. 1951లో, బర్మా షెల్ భారత ప్రభుత్వంతో ఒప్పందం ప్రకారం ట్రాంబే (మహుల్, మహారాష్ట్ర)లో రిఫైనరీని నిర్మించడం ప్రారంభించింది.&lt;ref&gt;https://en.wikipedia.org/wiki/Bharat_Petroleum_Corporation_Limited#History&lt;/ref&gt;భారత్ పెట్రోలియం కార్పొరేషన్ లిమిటెడ్ సంస్థ ఇతర విభాగాలలో భారత్ ఒమన్ రిఫైనరీ లిమిటెడ్, భారత్ పెట్రోసోర్సెస్ లిమిటెడ్, భారత్ గ్యాస్ రిసోర్సెస్ లిమిటెడ్, భారత్ రెన్యూవబుల్ ఎనర్జీ లిమిటెడ్అనుబంధ సంస్థలు పనిచేస్తున్నాయి. భారత్ పెట్రోలియం కార్పొరేషన్ లిమిటెడ్ సంస్థ మాతృ సంస్థగా పెట్రోలియం, సహజ వాయువు మంత్రిత్వ శాఖ, (భారత ప్రభుత్వం) ఉంది , ఈ సంస్థలో భారత ప్రభుత్వం (52.98%) వాటా కలిగి ఉంది. &lt;ref&gt;https://www.bharatpetroleum.com&lt;/ref&gt;

== కార్యకలాపాల ==
        భారత్ పెట్రోలియం కింది రిఫైనరీలను నిర్వహిస్తోంది:, ముంబై రిఫైనరీ: మహారాష్ట్రలోని ముంబైకి సమీపంలో ఉంది. దీని సామర్థ్యం ఏడాదికి 13 మిలియన్ మెట్రిక్ టన్నులు., కొచ్చి రిఫైనరీ : కేరళలోని కొచ్చి సమీపంలో ఉంది. దీని సామర్థ్యం ఏడాదికి 15.5 మిలియన్ మెట్రిక్ టన్నులు., బినా రిఫైనరీ : మధ్యప్రదేశ్‌లోని సాగర్ జిల్లా బినా సమీపంలో ఉంది. దీని సామర్థ్యం సంవత్సరానికి 7.8 మిలియన్ మెట్రిక్ టన్నులు. ఈ రిఫైనరీ భారత్ ఒమన్ రిఫైనరీస్ లిమిటెడ్ (బి.ఒ.ఆర్.ఎల్.)గా ప్రారంభమైంది, ఇది భారత్ పెట్రోలియం, ఒ.క్యూ. (గతంలో ఒమన్ ఆయిల్ కంపెనీగా పిలువబడేది) మధ్య జాయింట్ వెంచర్. 1994లో విలీనం చేయబడింది, బి.ఒ.ఆర్.ఎల్.లో సింగిల్ పాయింట్ మూరింగ్ (ఎస్.పి.ఎమ్.) వ్యవస్థ, క్రూడ్ ఆయిల్ టెర్మినల్ (సి.ఒ.టి.), గుజరాత్‌లోని వదినార్ నుండి మధ్యప్రదేశ్‌లోని బినా వరకు 937కి.మీ పొడవునా క్రాస్ కంట్రీ క్రూడ్ ఆయిల్ పైప్‌లైన్ కూడా ఉంది. ఏప్రిల్ 2021 నాటికి, బి.ఒ.ఆర్.ఎల్. అనేది బి.పి.సి.ఎల్. తమ అనుబంధ సంస్థ., నుమాలిగర్ రిఫైనరీ : అస్సాంలోని గోలాఘాట్ జిల్లా, నుమాలిగర్ సమీపంలో ఉంది. ఇది సంవత్సరానికి 3 మిలియన్ మెట్రిక్ టన్నుల సామర్థ్యాన్ని కలిగి ఉంది.(ఆయిల్ ఇండియా లిమిటెడ్ నేతృత్వంలోని కన్సార్టియంకు విక్రయించబడింది.), కంపెనీ వ్యాపారం రిటైల్, లూబ్రికెంట్స్, ఏవియేషన్, రిఫైనరీ, గ్యాస్, ఐ.&amp;సి., ఎల్.పి.జి. వంటి ఏడు ఎస్.బి.యు.లుగా (వ్యూహాత్మక వ్యాపార యూనిట్లు) విభజించబడింది.&lt;ref&gt;https://en.wikipedia.org/wiki/Bharat_Petroleum_Corporation_Limited#Operations&lt;/ref&gt;

== గుర్తింపు ==
    భారత కార్పొరేట్ వ్యవహారాల మంత్రిత్వ శాఖ (MCA) నుండి వచ్చిన రికార్డుల ప్రకారం భారత్ పెట్రోలియం కార్పొరేషన్ లిమిటెడ్ సంస్థ కార్పొరేట్ గుర్తింపు సంఖ్య (CIN) L23220MH1952GOI008931 , దాని  నమోదు సంఖ్య 8931.0 గా నమోదు చేయబడింది. &lt;ref&gt;https://www.kaggle.com/datasets/rowhitswami/all-indian-companies-registration-data-1900-2019&lt;/ref&gt;భారత్ పెట్రోలియం కార్పొరేషన్ లిమిటెడ్ పబ్లిక్ సంస్థగా స్టాక్ మార్కెట్ లో జాబితా చేయబడింది, ఈ కంపెనీ షేర్ల ద్వారా పరిమితం చేయబడింది. 

== ఉత్పత్తులు ==
        భారత్ పెట్రోలియం కార్పొరేషన్ లిమిటెడ్ సంస్థ శక్తి: చమురు, వాయువు రంగంలో  ప్రధాన ఉత్పత్తులుగా  పెట్రోలియం, సహజ వాయువు, ఎల్.ఎన్.జి కందెనలు, పెట్రోకెమికల్స్ ఉన్నాయి. 
    

== మూలాలు ==
{{మూలాలజాబితా}}


[[వర్గం: తెవికీ భారతీయ సంస్థలు ]]
    [[వర్గం: తెవికీ భారత ప్రభుత్వ సంస్థలు ]][[వర్గం: మహారాష్ట్ర లోని సంస్థలు ]]
			</text>
			<sha1>42hh7cheq7hecdrusxfwwu6vktpcdcl</sha1>
		</revision>
	</page>
	




	<page>
		<title>కోల్ ఇండియా లిమిటెడ్</title>
		<ns>0</ns>
		<id>721002</id>
		<revision>
			<id>721002</id>
			<timestamp>2022-05-02T16-31-54Z</timestamp>
			<contributor>
				<username>Vardhan</username>
				<id>18853</id>
			</contributor>
			<comment>xmlpage created</comment>
			<model>wikitext</model>
			<format>text/x-wiki</format>
			<text xml:space="preserve" bytes="7358">
			
{{Infobox company| logo = Coal_India_Logo.svg| name = కోల్ ఇండియా లిమిటెడ్
| hq_location_country = భారతదేశం| hq_location = పశ్చిమ బెంగాల్| type =  పబ్లిక్| Industry_telugu = మైనింగ్, రిఫైనరీ
    | traded_as = {{BSE|533278.0}}, {{NSE|COALINDIA}}
| ISIN = INE522F01014| owner = భారత ప్రభుత్వం (66.13%)| founded = 14 జూన్ 1973| hq_location_city = RoC-కోల్‌కతా| key_people = ప్రమోద్ అగర్వాల్, (ఛైర్మన్ &amp; ఎండి )| assets = ₹161,779 కోట్లు (యు.ఎస్.$21 బిలియన్ .) (2021)| Products_telugu = బొగ్గు| Number_of_employees_telugu = 272,445 (2021)| Website_telugu = www.coalindia.in}}


&apos;&apos;&apos;కోల్ ఇండియా లిమిటెడ్&apos;&apos;&apos; సంస్థ  భారతదేశంలోని పశ్చిమ బెంగాల్ రాష్ట్రంలో స్థాపించబడిన ఒక ప్రభుత్వ రంగ సంస్థ. ఈ సంస్థ కార్యాలయం మొదటిగా RoC-కోల్‌కతాలో గల రిజిస్ట్రార్ ఆఫ్ కంపెనీస్ వద్ద నమోదు చేయబడిన భారత ప్రభుత్వానికి చెందిన కంపెనీలుగా వర్గీకరించబడింది. కోల్ ఇండియా లిమిటెడ్ సంస్థ  ప్రధాన కార్యకలాపాలు కోక్ ఓవెన్ ఉత్పత్తుల తయారీ [ఈ తరగతిలో కోక్ ఓవెన్‌ల ఆపరేషన్‌ను ప్రధానంగా హార్డ్ బొగ్గు, లిగ్నైట్ నుండి కోక్ లేదా సెమీ-కోక్ ఉత్పత్తి చేయడం, రిటార్ట్ కార్బన్, బొగ్గు తారు లేదా పిచ్ వంటి అవశేష ఉత్పత్తులు ఉంటాయి. కోక్ తమ సమ్మేళనం. బొగ్గు తారు స్వేదనం తరగతి 2411లో వర్గీకరించబడింది.] రంగంలో కలవు,మైనింగ్, రిఫైనరీ రంగంలో సేవలు అందిస్తుంది. ఈ సంస్థ  అధీకృత వాటా మూలధనం(ఆర్థరైజ్డ్ కాపిటల్) ₹89,041,797,000 , దాని చెల్లించిన మూలధనం(పైడ్అప్ కాపిటల్) ₹61,627,281,000. కోల్ ఇండియా లిమిటెడ్ సంస్థకి ప్రస్తుతం ప్రమోద్ అగర్వాల్, (ఛైర్మన్ &amp; ఎండి ) డైరెక్టర్లుగా నియమించబడ్డారు. కోల్ ఇండియా లిమిటెడ్ సంస్థ ప్రస్తుతం చురుకుగా కార్యకలాపాలు సాగిస్తుంది. 

== చరిత్ర ==
    భారతదేశంలో బొగ్గు తవ్వకం ప్రాథమికంగా ప్రైవేట్ రంగ సంస్థ. సెప్టెంబర్ 1956లో భారత ప్రభుత్వం తమ సొంత బొగ్గు కంపెనీ నేషనల్ కోల్ డెవలప్‌మెంట్ కార్పొరేషన్ (ఎన్.సి.డి.సి.)ని స్థాపించినప్పుడు ఇది మారిపోయింది. రైల్వేలు నడుపుతున్న కొలీరీలు ఎన్.సి.డి.సి. తమ కేంద్రకాన్ని ఏర్పరుస్తాయి. ప్రభుత్వం పంచవర్ష ప్రణాళికల ద్వారా వేగవంతమైన పారిశ్రామికీకరణకు తోడ్పాటునందించేందుకు దేశంలో వేగంగా అభివృద్ధి చెందుతున్న ఇంధన అవసరాలను తీర్చడం కోసం ఇది జరిగింది. అదే సంవత్సరంలో, కేంద్ర ప్రభుత్వం, ఆంధ్రప్రదేశ్ రాష్ట్ర ప్రభుత్వం వరుసగా 45%, 55% వాటాలను కొనుగోలు చేయడంతో 1920 నుండి ఆంధ్ర ప్రదేశ్‌లో పనిచేస్తున్న సింగరేణి కాలరీ కంపెనీ కూడా ప్రభుత్వ నియంత్రణలోకి వచ్చింది., 1971లో, భారత ప్రభుత్వం టి.ఐ.ఎస్.సి.ఒ., ఐ.ఐ.ఎస్.సి.ఒ. వారి నిర్బంధ ఉపయోగం కోసం కలిగి ఉన్న వాటిని మినహాయించి ప్రైవేట్ రంగంలో నడుస్తున్న 214 కోకింగ్-బొగ్గు గనులు, 12 కోక్-ఓవెన్‌లను జాతీయం చేసింది. 1 జనవరి 1972న, ఈ జాతీయం చేయబడిన గనులు, కోక్-ఓవెన్‌లను నియంత్రించడానికి కొత్త ప్రభుత్వ సంస్థ భారత్ కోకింగ్ కోల్ లిమిటెడ్ (బి.సి.సి.ఎల్.) స్థాపించబడింది. 30 జనవరి 1973న, ప్రైవేట్ రంగంలో దేశంలోని మిగిలిన 711 నాన్-కోకింగ్ బొగ్గుగనులు కూడా జాతీయం చేయబడ్డాయి. వీటిలో 184 గనులను బీసీసీఎల్‌కు అప్పగించగా, మిగిలిన 527 గనులను కొత్తగా ప్రారంభించిన శాఖ కోల్ మైన్స్ అథారిటీకి అప్పగించారు. 4 నెలల తర్వాత, 14 జూన్ 1973న, ఈ విభాగం ప్రత్యేక ప్రభుత్వ సంస్థ సి.ఎమ్.ఎ.ఎల్.గా మార్చబడింది. అంతకుముందు 1957లో ఏర్పడిన ఎన్.సి.డి.సి., సి.ఎమ్.ఎ.ఎల్.తో విలీనం చేయబడింది, సింగరేణి కాలరీస్ కంపెనీ లిమిటెడ్‌లో కేంద్ర ప్రభుత్వ వాటా 45% కూడా సి.ఎమ్.ఎ.ఎల్.కి అప్పగించబడింది. సి.ఎమ్.ఎ.ఎల్. దాని 4 విభాగాలతో పనిచేయడం ప్రారంభించింది, అవి ఈస్టర్న్ కోల్ ఫీల్డ్స్, సెంట్రల్ కోల్ ఫీల్డ్స్, వెస్ట్రన్ కోల్ ఫీల్డ్స్, సెంట్రల్ మైన్ ప్లానింగ్ అండ్ డిజైన్ ఇన్స్టిట్యూట్., 1973 నాటికి, అన్ని కోకింగ్ బొగ్గుగనులు బి.సి.సి.ఎల్. క్రింద ఉన్నాయి, ఇది స్టీల్, గనుల మంత్రిత్వ శాఖ తమ స్టీల్ డిపార్ట్‌మెంట్ కింద స్టీల్ అథారిటీ ఆఫ్ ఇండియా (ఎస్.ఎ.ఐ.ఎల్.) తమ అనుబంధ సంస్థగా పనిచేస్తోంది;, అన్ని నాన్-కోకింగ్ బొగ్గుగనులు సి.ఎమ్.ఎ.ఎల్. క్రింద ఉన్నాయి, ఇది ఉక్కు, గనుల మంత్రిత్వ శాఖ తమ గనుల శాఖ క్రింద ఉంది. మెరుగైన నియంత్రణ కోసం, బి.సి.సి.ఎల్., సి.ఎమ్.ఎ.ఎల్. రెండూ 11 అక్టోబర్ 1974న కొత్తగా ఏర్పడిన ఇంధన మంత్రిత్వ శాఖలోని బొగ్గు శాఖ (ప్రస్తుతం స్వతంత్ర మంత్రిత్వ శాఖ) కిందకు తీసుకురాబడ్డాయి., 1 నవంబరు 1975న, బొగ్గు రంగంలో మెరుగైన సంస్థాగత, కార్యాచరణ సామర్థ్యాన్ని ప్రారంభించడానికి కొత్త ప్రభుత్వ రంగ సంస్థ కోల్ ఇండియా లిమిటెడ్ (సి.ఐ.ఎల్.) ఏర్పడింది. సి.ఎమ్.ఎ.ఎల్. తమ అన్ని 4 విభాగాలకు కంపెనీ హోదా ఇవ్వబడింది, బి.సి.సి.ఎల్.తో పాటు సి.ఐ.ఎల్. కిందకు తీసుకురాబడ్డాయి. సింగరేణి కాలరీస్ కంపెనీలో సి.ఎమ్.ఎ.ఎల్. తమ 45% వాటా కూడా సి.ఐ.ఎల్.కి బదిలీ చేయబడింది, సి.ఎమ్.ఎ.ఎల్. మూసివేయబడింది., ఆ విధంగా, సి.ఐ.ఎల్. దాని క్రింద 5 అనుబంధ సంస్థలతో 1975లో పనిచేయడం ప్రారంభించింది. అవి భారత్ కోకింగ్ కోల్ లిమిటెడ్ (బి.సి.సి.ఎల్.), ఈస్టర్న్ కోల్‌ఫీల్డ్స్ లిమిటెడ్ (ఇ.సి.ఎల్.), సెంట్రల్ కోల్‌ఫీల్డ్స్ లిమిటెడ్ (సి.సి.ఎల్.), వెస్ట్రన్ కోల్‌ఫీల్డ్స్ లిమిటెడ్ (డబల్యు.సి.ఎల్.),, సెంట్రల్ మైన్ ప్లానింగ్ &amp; డిజైన్ ఇన్స్టిట్యూట్ లిమిటెడ్ (సి.ఎమ్.పి.డి.ఐ.ఎల్.). నిర్ణీత సమయంలో, సి.సి.ఎల్., డబల్యు.సి.ఎల్. తమ నిర్దిష్ట ప్రాంతాలను రూపొందించడం ద్వారా సి.ఐ.ఎల్. కింద మరో 3 కంపెనీలు ఏర్పడ్డాయి. అవి నార్తర్న్ కోల్‌ఫీల్డ్స్ లిమిటెడ్ (ఎన్.సి.ఎల్.), సౌత్-ఈస్టర్న్ కోల్‌ఫీల్డ్స్ లిమిటెడ్ (ఎస్.ఇ.సి.ఎల్.),, మహానది కోల్‌ఫీల్డ్స్ లిమిటెడ్ (ఎమ్.సి.ఎల్.)., 1974 ఫ్యూయల్ పాలసీకి అనుగుణంగా, సి.ఐ.ఎల్. 1970ల చివరలో దంకునిలో భారతదేశం తమ మొదటి తక్కువ ఉష్ణోగ్రత కార్బొనైజేషన్ ప్లాంట్ నిర్మాణాన్ని కూడా ప్రారంభించింది. ఇది డంకుని కోల్ కాంప్లెక్స్‌గా పేరు మార్చబడింది, ప్రపంచంలోని ఈ రకమైన ఏకైక కార్యాచరణ బొగ్గు గ్యాస్ ప్లాంట్‌లో ఇది ఒకటి. గ్రేటర్ కలకత్తా గ్యాస్ సప్లై కంపెనీ (గతంలో ఓరియంటల్ గ్యాస్ కో అని పిలిచేవారు) నాన్-రిమ్యునరేటివ్ ధరను ఇవ్వడం, వాటిని ఏకపక్షంగా నిర్ణయించడం వల్ల డంకుని కోల్ కాంప్లెక్స్ భారీ నష్టాన్ని చవిచూస్తోంది. కోల్ ఇండియా ప్రస్తుతం ఉన్న ప్లాంట్‌లో కోల్-టు-మెథనాల్ టెక్నాలజీలోకి ప్రవేశించాలని యోచిస్తోంది., భారత ప్రభుత్వం 1975 నుండి 2010 వరకు సి.ఐ.ఎల్. తమ 100% ఈక్విటీని కలిగి ఉంది.&lt;ref&gt;https://en.wikipedia.org/wiki/Coal_India#History&lt;/ref&gt;కోల్ ఇండియా లిమిటెడ్ సంస్థ మాతృ సంస్థగా బొగ్గు మంత్రిత్వ శాఖ, భారత ప్రభుత్వం ఉంది , ఈ సంస్థలో భారత ప్రభుత్వం (66.13%) వాటా కలిగి ఉంది. &lt;ref&gt;https://www.coalindia.in&lt;/ref&gt;

== కార్యకలాపాల ==
        సి.ఐ.ఎల్. ప్రపంచంలోనే అతిపెద్ద బొగ్గు ఉత్పత్తి సంస్థ. ఇది ఎఫ్.వై. 2015-16లో 536.51 ఎమ్.టి. (మిలియన్ టన్నుల) బొగ్గును ఉత్పత్తి చేసింది. కోల్ ఇండియా భారతదేశంలోని 8 రాష్ట్రాల్లో 83 మైనింగ్ ప్రాంతాల ద్వారా కార్యకలాపాలు నిర్వహిస్తోంది. 1 ఏప్రిల్ 2015 నాటికి, ఇది 430 బొగ్గు గనులను కలిగి ఉంది, వాటిలో 175 ఓపెన్ కాస్ట్, 227 భూగర్భ, 28 మిశ్రమ గనులు. ఎఫ్.వై. 2014–15లో ఓపెన్ కాస్ట్ గనుల నుండి ఉత్పత్తి మొత్తం 494.24 ఎమ్.టి. ఉత్పత్తిలో 92.91%. భూగర్భ గనులు 7.09% ఉత్పత్తికి దోహదపడ్డాయి. సి.ఐ.ఎల్. ఇంకా 15 కోల్ వాషరీలను నిర్వహిస్తోంది, వాటిలో 12 కోకింగ్ బొగ్గు కోసం, 3 నాన్-కోకింగ్ బొగ్గు కోసం వరుసగా 23.30 ఎమ్.టి.వై., 13.50 ఎమ్.టి.వై. సామర్థ్యాలను కలిగి ఉన్నాయి. దంకుని కోల్ కాంప్లెక్స్ తమ సి.ఐ.ఎల్. తమ ఏకైక తక్కువ ఉష్ణోగ్రత కార్బొనైజేషన్ ప్లాంట్ ప్రస్తుతం దాని అనుబంధ ఎస్.ఇ.సి.ఎల్. ద్వారా లీజు ప్రాతిపదికన నడుస్తోంది. పైన పేర్కొన్న వాటితో పాటు, ఇది వర్క్‌షాప్‌లు, హాస్పిటల్స్, ట్రైనింగ్ ఇన్‌స్టిట్యూట్‌లు, మైన్-రెస్క్యూ సెటప్‌లు మొదలైన 200 ఇతర సంస్థలను కూడా నిర్వహిస్తుంది.&lt;ref&gt;https://en.wikipedia.org/wiki/Coal_India#Operations&lt;/ref&gt;

== గుర్తింపు ==
    భారత కార్పొరేట్ వ్యవహారాల మంత్రిత్వ శాఖ (MCA) నుండి వచ్చిన రికార్డుల ప్రకారం కోల్ ఇండియా లిమిటెడ్ సంస్థ కార్పొరేట్ గుర్తింపు సంఖ్య (CIN) L23109WB1973GOI028844 , దాని  నమోదు సంఖ్య 28844.0 గా నమోదు చేయబడింది. &lt;ref&gt;https://www.kaggle.com/datasets/rowhitswami/all-indian-companies-registration-data-1900-2019&lt;/ref&gt;కోల్ ఇండియా లిమిటెడ్ పబ్లిక్ సంస్థగా స్టాక్ మార్కెట్ లో జాబితా చేయబడింది, ఈ కంపెనీ షేర్ల ద్వారా పరిమితం చేయబడింది. 

== ఉత్పత్తులు ==
        కోల్ ఇండియా లిమిటెడ్ సంస్థ మైనింగ్, రిఫైనరీ రంగంలో  ప్రధాన ఉత్పత్తులుగా  బొగ్గు ఉన్నాయి. 
    

== మూలాలు ==
{{మూలాలజాబితా}}


[[వర్గం: తెవికీ భారతీయ సంస్థలు ]]
    [[వర్గం: తెవికీ భారత ప్రభుత్వ సంస్థలు ]][[వర్గం: పశ్చిమ బెంగాల్ లోని సంస్థలు ]]
			</text>
			<sha1>gocpyp0gmhqrwm6nde4x72xaha980im</sha1>
		</revision>
	</page>
	




	<page>
		<title>గెయిల్ (ఇండియా) లిమిటెడ్</title>
		<ns>0</ns>
		<id>721003</id>
		<revision>
			<id>721003</id>
			<timestamp>2022-05-02T16-31-54Z</timestamp>
			<contributor>
				<username>Vardhan</username>
				<id>18853</id>
			</contributor>
			<comment>xmlpage created</comment>
			<model>wikitext</model>
			<format>text/x-wiki</format>
			<text xml:space="preserve" bytes="6250">
			
{{Infobox company| logo = GAIL.svg| name = గెయిల్ (ఇండియా) లిమిటెడ్
| hq_location_country = భారతదేశం| hq_location = ఢిల్లీ| type =  పబ్లిక్| Industry_telugu = శక్తి
    | traded_as = {{BSE|532155.0}}, {{NSE|GAIL}}
| ISIN = INE129A01019| owner = భారత ప్రభుత్వం (51.83%)| founded = 16 ఆగస్టు 1984| hq_location_city = RoC-ఢిల్లీ| key_people = మనోజ్ జైన్,, (ఛైర్మన్ &amp; ఎండి )| assets = ₹81,384 కోట్లు  (యు.ఎస్.$11 బిలియన్ .)(2021)| Products_telugu = సహజ వాయువు, పెట్రోకెమికల్, ద్రవ హైడ్రోకార్బన్లు, లిక్విఫైడ్ పెట్రోలియం గ్యాస్ ట్రాన్స్మిషన్, సోలార్ &amp; విండ్ సహా పునరుత్పాదక శక్తి, సిటీ గ్యాస్ పంపిణీ, ఇ.&amp;పి., విద్యుత్ ఉత్పత్తి| Number_of_employees_telugu = 4682 (2020)| Website_telugu = gailonline.com}}


&apos;&apos;&apos;గెయిల్ (ఇండియా) లిమిటెడ్&apos;&apos;&apos; సంస్థ  భారతదేశంలోని ఢిల్లీ రాష్ట్రంలో స్థాపించబడిన ఒక ప్రభుత్వ రంగ సంస్థ. ఈ సంస్థ భారత ప్రభుత్వానికి చెందిన కంపెనీలుగా వర్గీకరించబడింది. ఈ సంస్థ కార్యాలయం మొదటిగా RoC-ఢిల్లీలో గల రిజిస్ట్రార్ ఆఫ్ కంపెనీస్ వద్ద నమోదు చేయబడింది. గెయిల్ (ఇండియా) లిమిటెడ్ సంస్థ  ప్రధాన కార్యకలాపాలు గ్యాస్ తయారీ; మెయిన్స్ ద్వారా వాయు ఇంధనాల పంపిణీ రంగంలో కలవు,శక్తి రంగంలో సేవలు అందిస్తుంది. ఈ సంస్థ  అధీకృత వాటా మూలధనం(ఆర్థరైజ్డ్ కాపిటల్) ₹49,999,999,000 , దాని చెల్లించిన మూలధనం(పైడ్అప్ కాపిటల్) ₹44,403,851,000. గెయిల్ (ఇండియా) లిమిటెడ్ సంస్థకి ప్రస్తుతం మనోజ్ జైన్,, (ఛైర్మన్ &amp; ఎండి ) డైరెక్టర్లుగా నియమించబడ్డారు. గెయిల్ (ఇండియా) లిమిటెడ్ సంస్థ ప్రస్తుతం చురుకుగా కార్యకలాపాలు సాగిస్తుంది. 

== చరిత్ర ==
    జి.ఎ.ఐ.ఎల్. (ఇండియా) లిమిటెడ్‌ ఆగష్టు 1984లో పెట్రోలియం &amp; సహజ వాయువు మంత్రిత్వ శాఖ (ఎమ్.ఒ.పి.&amp;ఎన్.జి.) క్రింద సెంట్రల్ పబ్లిక్ సెక్టార్ అండర్‌టేకింగ్ (పి.ఎస్.యు.)గా స్థాపించబడింది. కంపెనీని గతంలో గ్యాస్ అథారిటీ ఆఫ్ ఇండియా లిమిటెడ్ అని పిలిచేవారు. ఇది భారతదేశం తమ ప్రధాన గ్యాస్ ట్రాన్స్మిషన్, మార్కెటింగ్ కంపెనీ. హజీరా - విజయ్‌పూర్ - జగదీష్‌పూర్ (హెచ్.వి.జె.) పైప్‌లైన్ ప్రాజెక్ట్ నిర్మాణం, నిర్వహణ, నిర్వహణ బాధ్యతలను కంపెనీకి మొదట అప్పగించారు. ఇది ప్రపంచంలోనే అతిపెద్ద క్రాస్ కంట్రీ సహజ వాయువు పైప్‌లైన్ ప్రాజెక్టులలో ఒకటి. ఈ 1750 కిలోమీటర్ల పొడవైన పైప్‌లైన్ ₹17 బిలియన్ల (యు.ఎస్.$220 మిలియన్లు) వ్యయంతో నిర్మించబడింది, ఇది భారతదేశంలో సహజ వాయువు మార్కెట్ అభివృద్ధికి పునాది వేసింది. జి.ఎ.ఐ.ఎల్. 1991లో 1,750 కె.ఐ.ఎల్.ఒ.ఎమ్.ఇ.టి.ఆర్.ఇ.ఎస్. (1,090 ఎమ్.ఐ.) హజీరా-విజయపూర్-జగదీష్‌పూర్ (హెచ్.వి.జె.) పైప్‌లైన్‌ను ప్రారంభించింది. 1991, 1993 మధ్య, మూడు ద్రవీకృత పెట్రోలియం గ్యాస్ (ఎల్.పి.జి.) ప్లాంట్లు నిర్మించబడ్డాయి, కొన్ని ప్రాంతీయ పైప్‌లైన్‌లు జి.ఎ.ఐ.ఎల్. గ్యాస్ రవాణాను ప్రారంభించాయి. భారతదేశంలోని వివిధ ప్రాంతాలు., జి.ఎ.ఐ.ఎల్. 1997లో తొమ్మిది కంప్రెస్డ్ నేచురల్ గ్యాస్ (సి.ఎన్.జి.) స్టేషన్లను ఏర్పాటు చేయడం ద్వారా న్యూఢిల్లీలో సిటీ గ్యాస్ పంపిణీని ప్రారంభించింది., దాని ప్రధాన స్రవంతి వ్యాపారం కోసం గ్యాస్‌ను సురక్షితంగా ఉంచడానికి, అన్వేషణ, ఉత్పత్తి విభాగం సృష్టించబడింది. నేడు జి.ఎ.ఐ.ఎల్. మయన్మార్‌లోని రెండు ఆఫ్‌షోర్ బ్లాక్‌లలో గ్యాస్ ఆవిష్కరణ చేసిన దేవూ-ఒ.వి.ఎల్. నేతృత్వంలోని కన్సార్టియంలో భాగస్వామి. కాంబే, అస్సాం-అరకాన్, మహానది, కృష్ణా గోదావరి లోతైన నీరు, భూభాగం, కావేరి లోతట్టు, లోతైన నీరు, పశ్చిమ ఆఫ్‌షోర్ తమ ఫలవంతమైన బేసిన్‌లలో దాని బ్లాక్‌లలో ఎక్కువ భాగం భారతదేశంలో ఉన్నాయి. ఇది అన్వేషణ లేదా ఆవిష్కరణ రెండింటి కోసం విదేశీ బ్లాక్‌ల కోసం చురుకుగా స్కౌటింగ్ చేస్తోంది., గ్యాస్ ఇన్‌ఫ్రాస్ట్రక్చర్‌తో పాటు పెట్రోకెమికల్స్, టెలికాం, లిక్విడ్ హైడ్రోకార్బన్‌లలో తమ వ్యూహాత్మక వైవిధ్యీకరణతో గెయిల్ నేడు కొత్త మైలురాళ్లను చేరుకుంది. ఈక్విటీ, జాయింట్ వెంచర్లలో పాల్గొనడం ద్వారా కంపెనీ పవర్, లిక్విఫైడ్ నేచురల్ గ్యాస్ రీ-గ్యాసిఫికేషన్, సిటీ గ్యాస్ డిస్ట్రిబ్యూషన్, ఎక్స్‌ప్లోరేషన్ &amp; ప్రొడక్షన్‌లో కూడా తమ ఉనికిని విస్తరించింది. కొత్తగా కనుగొన్న శక్తిని దాని కార్పొరేట్ గుర్తింపులో చేర్చడం ద్వారా, గ్యాస్ అథారిటీ ఆఫ్ ఇండియా 22 నవంబర్ 2002న జి.ఎ.ఐ.ఎల్. (ఇండియా) లిమిటెడ్‌గా పేరు మార్చబడింది., గెయిల్ (ఇండియా) లిమిటెడ్ దాదాపు 10,700 కిలోమీటర్ల (6,600 మైళ్ళు) పొడవుతో ట్రంక్ పైప్‌లైన్‌ల తమ పెద్ద నెట్‌వర్క్‌ను నిర్మించడం ద్వారా గ్యాస్ ట్రాన్స్‌మిషన్‌లో సేంద్రీయ వృద్ధిని చూపింది. ప్రధాన సామర్థ్యాలపై ప్రభావం చూపుతూ, జి.ఎ.ఐ.ఎల్. దశాబ్దాలుగా భారతదేశంలో గ్యాస్ మార్కెట్ డెవలపర్‌గా కీలక పాత్ర పోషించింది, విద్యుత్, ఎరువులు, నగర గ్యాస్ పంపిణీ వంటి ప్రధాన పారిశ్రామిక రంగాలను అందిస్తుంది. జి.ఎ.ఐ.ఎల్. దాని ప్రత్యేక పైప్‌లైన్‌ల ద్వారా గ్యాస్ తమ ప్రామాణిక పరిస్థితులలో రోజుకు 160 మిలియన్ క్యూబిక్ మీటర్ల కంటే ఎక్కువ ప్రసారం చేస్తుంది, గ్యాస్ ట్రాన్స్‌మిషన్, మార్కెటింగ్ రెండింటిలోనూ 70% కంటే ఎక్కువ మార్కెట్ వాటాను కలిగి ఉంది.&lt;ref&gt;https://en.wikipedia.org/wiki/GAIL#History&lt;/ref&gt;గెయిల్ (ఇండియా) లిమిటెడ్ సంస్థ మాతృ సంస్థగా పెట్రోలియం, సహజ వాయువు మంత్రిత్వ శాఖ, భారత ప్రభుత్వం ఉంది , ఈ సంస్థలో భారత ప్రభుత్వం (51.83%) వాటా కలిగి ఉంది. &lt;ref&gt;https://gailonline.com&lt;/ref&gt;

== కార్యకలాపాల ==
        గెయిల్ దాదాపు 13722 కి.మీ పొడవున ట్రంక్ పైప్‌లైన్ల నెట్‌వర్క్‌ను నిర్మించింది. ప్రధాన సామర్థ్యాలపై ప్రభావం చూపుతూ, జి.ఎ.ఐ.ఎల్. దశాబ్దాలుగా భారతదేశంలో గ్యాస్ మార్కెట్ డెవలపర్‌గా కీలక పాత్ర పోషించింది, విద్యుత్, ఎరువులు, నగర గ్యాస్ పంపిణీ వంటి ప్రధాన పారిశ్రామిక రంగాలను అందిస్తుంది. జి.ఎ.ఐ.ఎల్. దాని ప్రత్యేక పైప్‌లైన్‌ల ద్వారా గ్యాస్ తమ ప్రామాణిక పరిస్థితులలో రోజుకు 160 మిలియన్ క్యూబిక్ మీటర్ల కంటే ఎక్కువ ప్రసారం చేస్తుంది, గ్యాస్ ట్రాన్స్‌మిషన్, మార్కెటింగ్ రెండింటిలోనూ 70% కంటే ఎక్కువ మార్కెట్ వాటాను కలిగి ఉంది. గెయిల్ తమ ప్రస్తుత సహజ వాయువు పైప్‌లైన్ నెట్‌వర్క్ 20 రాష్ట్రాలు (ఆంధ్రప్రదేశ్, అస్సాం, బీహార్, ఢిల్లీ, గోవా, గుజరాత్, హర్యానా, హిమాచల్ ప్రదేశ్, జార్ఖండ్, కర్ణాటక, కేరళ, మహారాష్ట్ర, మధ్యప్రదేశ్, పంజాబ్, రాజస్థాన్, తమిళనాడు, త్రిపుర, ఉత్తరప్రదేశ్ ఉత్తరాఖండ్, పశ్చిమ బెంగాల్), 2 యు.టి.లు (పుదుచ్చేరి &amp; దాద్రా నగర్ హవేలీ).&lt;ref&gt;https://en.wikipedia.org/wiki/GAIL#Operations&lt;/ref&gt;

== గుర్తింపు ==
    భారత కార్పొరేట్ వ్యవహారాల మంత్రిత్వ శాఖ (MCA), గెయిల్ (ఇండియా) లిమిటెడ్  సంస్థకి కార్పొరేట్ గుర్తింపు సంఖ్య (CIN) L40200DL1984GOI018976 , దాని నమోదు సంఖ్య 18976.0 ని కేటాయించింది. &lt;ref&gt;https://www.kaggle.com/datasets/rowhitswami/all-indian-companies-registration-data-1900-2019&lt;/ref&gt;గెయిల్ (ఇండియా) లిమిటెడ్ పబ్లిక్ సంస్థగా స్టాక్ మార్కెట్ లో జాబితా చేయబడింది, ఈ కంపెనీ షేర్ల ద్వారా పరిమితం చేయబడింది. 

== ఉత్పత్తులు ==
        గెయిల్ (ఇండియా) లిమిటెడ్ సంస్థ శక్తి రంగంలో  ప్రధాన ఉత్పత్తులుగా  సహజ వాయువు, పెట్రోకెమికల్, ద్రవ హైడ్రోకార్బన్లు, లిక్విఫైడ్ పెట్రోలియం గ్యాస్ ట్రాన్స్మిషన్, సోలార్ &amp; విండ్ సహా పునరుత్పాదక శక్తి, సిటీ గ్యాస్ పంపిణీ, ఇ.&amp;పి., విద్యుత్ ఉత్పత్తి ఉన్నాయి. 
    

== మూలాలు ==
{{మూలాలజాబితా}}


[[వర్గం: తెవికీ భారతీయ సంస్థలు ]]
    [[వర్గం: తెవికీ భారత ప్రభుత్వ సంస్థలు ]][[వర్గం: ఢిల్లీ లోని సంస్థలు ]]
			</text>
			<sha1>mdlny9rh2edm2hzst0nw3eab1e7wf5h</sha1>
		</revision>
	</page>
	




	<page>
		<title>హిందుస్తాన్ పెట్రోలియం కార్పొరేషన్ లిమిటెడ్</title>
		<ns>0</ns>
		<id>721004</id>
		<revision>
			<id>721004</id>
			<timestamp>2022-05-02T16-31-54Z</timestamp>
			<contributor>
				<username>Vardhan</username>
				<id>18853</id>
			</contributor>
			<comment>xmlpage created</comment>
			<model>wikitext</model>
			<format>text/x-wiki</format>
			<text xml:space="preserve" bytes="5199">
			
{{Infobox company| logo = Hindustan_Petroleum_Logo.svg| name = హిందుస్తాన్ పెట్రోలియం కార్పొరేషన్ లిమిటెడ్
| hq_location_country = భారతదేశం| hq_location = మహారాష్ట్ర| type =  పబ్లిక్| Industry_telugu = చమురు, వాయువు
    | traded_as = {{BSE|500104.0}}, {{NSE|HINDPETRO}}
| ISIN = INE094A01015| owner = ఆయిల్ అండ్ నేచురల్ గ్యాస్ కార్పొరేషన్ (54.9%)| founded = 05 జూలై 1952| hq_location_city = RoC-ముంబయి| key_people = ఎం కే సురానా ( ఎండి )| assets = ₹189,906 కోట్లు  (యు.ఎస్.$25 బిలియన్ .) (2020)| Products_telugu = పెట్రోలియం, సహజ వాయువు, ఎల్.ఎన్.జి కందెనలు, పెట్రోకెమికల్స్| Number_of_employees_telugu = 10,352 (2020)| Website_telugu = www.hindustanpetroleum.com}}


&apos;&apos;&apos;హిందుస్తాన్ పెట్రోలియం కార్పొరేషన్ లిమిటెడ్&apos;&apos;&apos; సంస్థ  భారతదేశంలోని మహారాష్ట్ర రాష్ట్రంలో స్థాపించబడిన ఒక ప్రభుత్వ రంగ సంస్థ. ఈ సంస్థ కార్యాలయం మొదటిగా RoC-ముంబయిలో గల రిజిస్ట్రార్ ఆఫ్ కంపెనీస్ వద్ద నమోదు చేయబడిన భారత ప్రభుత్వానికి చెందిన కంపెనీలుగా వర్గీకరించబడింది. హిందుస్తాన్ పెట్రోలియం కార్పొరేషన్ లిమిటెడ్ సంస్థ  ప్రధాన కార్యకలాపాలు శుద్ధి చేసిన పెట్రోలియం ఉత్పత్తుల తయారీ రంగంలో కలవు,చమురు, వాయువు రంగంలో సేవలు అందిస్తుంది. ఈ సంస్థ  అధీకృత వాటా మూలధనం(ఆర్థరైజ్డ్ కాపిటల్) ₹24,999,999,500 , దాని చెల్లించిన మూలధనం(పైడ్అప్ కాపిటల్) ₹14,250,012,700. హిందుస్తాన్ పెట్రోలియం కార్పొరేషన్ లిమిటెడ్ సంస్థకి ప్రస్తుతం ఎం కే సురానా ( ఎండి ) డైరెక్టర్లుగా నియమించబడ్డారు. హిందుస్తాన్ పెట్రోలియం కార్పొరేషన్ లిమిటెడ్ సంస్థ ప్రస్తుతం చురుకుగా కార్యకలాపాలు సాగిస్తుంది. 

== చరిత్ర ==
    1974లో ఎస్సో (భారతదేశంలో అండర్‌టేకింగ్‌ల స్వాధీనత) చట్టం ద్వారా పూర్వపు ఎస్సో స్టాండర్డ్, లూబ్ ఇండియా లిమిటెడ్‌ల టేకోవర్, విలీనం తర్వాత హెచ్.పి.సి.ఎల్. 1974లో విలీనం చేయబడింది. కాల్టెక్స్ ఆయిల్ రిఫైనింగ్ (ఇండియా) లిమిటెడ్. (సి.ఒ.ఆర్.ఐ.ఎల్.)ని భారత ప్రభుత్వం స్వాధీనం చేసుకుంది. 1976లో, 1978లో సి.ఒ.ఆర్.ఐ.ఎల్.-హెచ్.పి.సి.ఎల్. అమాల్గమేషన్ ఆర్డర్, 1978 ద్వారా హెచ్.పి.సి.ఎల్.తో విలీనం చేయబడింది. కోసాన్ గ్యాస్ కంపెనీ 1979లో కొసంగాస్ కంపెనీ అక్విజిషన్ యాక్ట్, 1979 ద్వారా హెచ్.పి.సి.ఎల్.తో విలీనం చేయబడింది., 2003లో, సెంటర్ ఫర్ పబ్లిక్ ఇంటరెస్ట్ లిటిగేషన్ (సి.పి.ఐ.ఎల్.) పిటిషన్‌ను అనుసరించి, పార్లమెంటు ఆమోదం లేకుండా హిందూస్థాన్ పెట్రోలియం, భారత్ పెట్రోలియంలను ప్రైవేటీకరించకుండా కేంద్ర ప్రభుత్వాన్ని భారత సుప్రీంకోర్టు నిరోధించింది. సి.పి.ఐ.ఎల్. తరపు న్యాయవాదిగా, రాజిందర్ సచార్, ప్రశాంత్ భూషణ్ మాట్లాడుతూ, కంపెనీలలో పెట్టుబడుల ఉపసంహరణకు ఏకైక మార్గం 1970లలో జాతీయం చేయబడిన చట్టాలను రద్దు చేయడం లేదా సవరించడం. ఫలితంగా, ఏదైనా ప్రైవేటీకరణ ద్వారా ముందుకు సాగాలంటే ప్రభుత్వానికి ఉభయ సభల్లో మెజారిటీ అవసరం., హెచ్.పి.సి.ఎల్. సంవత్సరాలుగా క్రమంగా వృద్ధి చెందుతోంది. శుద్ధి చేసే సామర్థ్యం 1984/85లో 5.5 మిలియన్ మెట్రిక్ టన్నుల (ఎమ్.ఎమ్.టి.) నుండి మార్చి 2013 నాటికి 14.80 మిలియన్ మెట్రిక్ టన్నులకు పెరిగింది. ఆర్థిక పరంగా, అమ్మకాలు/ఆపరేషన్ల ద్వారా వచ్చే నికర ఆదాయం 1984–1985లో ₹2687 కోట్ల నుండి ₹2కి పెరిగింది. 2012–2013 ఆర్థిక సంవత్సరంలో ,06,529 కోట్లు. ఎఫ్.వై. 2013-14లో, దాని నికర లాభం ₹1740 కోట్లు.&lt;ref&gt;https://en.wikipedia.org/wiki/Hindustan_Petroleum_Corporation_Limited#History&lt;/ref&gt;, ఈ సంస్థలో ఆయిల్ అండ్ నేచురల్ గ్యాస్ కార్పొరేషన్ (54.9%) వాటా కలిగి ఉంది. &lt;ref&gt;https://www.hindustanpetroleum.com&lt;/ref&gt;

== కార్యకలాపాల ==
        హెచ్.పి.సి.ఎల్. అనేక రకాల పెట్రోలియం ఇంధనాలు, ప్రత్యేకతలను ఉత్పత్తి చేసే రెండు ప్రధాన శుద్ధి కర్మాగారాలను నిర్వహిస్తోంది, ఒకటి ముంబై (వెస్ట్ కోస్ట్)లో 7.5 మిలియన్ టన్నుల సామర్థ్యంతో, మరొకటి విశాఖపట్నంలో (ఈస్ట్ కోస్ట్) సంవత్సరానికి 8.3 మిలియన్ టన్నుల సామర్థ్యంతో. హెచ్.పి.సి.ఎల్. మంగళూరు రిఫైనరీ అండ్ పెట్రోకెమికల్స్ లిమిటెడ్ (ఎమ్.ఆర్.పి.ఎల్.)లో 16.95% ఈక్విటీ వాటాను కలిగి ఉంది, ఇది మంగళూరులో సంవత్సరానికి 9 మిలియన్ టన్నుల సామర్థ్యంతో అత్యాధునిక రిఫైనరీని కలిగి ఉంది. సంవత్సరానికి 9 మిలియన్ టన్నుల మరొక రిఫైనరీ (హెచ్.ఎమ్.ఇ.ఎల్. ద్వారా పంజాబ్‌లోని భటిండాలో ఏర్పాటు చేయబడింది, ఇది మిట్టల్ ఎనర్జీ ఇన్వెస్ట్‌మెంట్స్ ప్రైవేట్ లిమిటెడ్‌తో జాయింట్ వెంచర్). బార్మర్ సమీపంలో రిఫైనరీ ఏర్పాటు కోసం హెచ్‌పిసిఎల్ రాజస్థాన్ ప్రభుత్వంతో అవగాహన ఒప్పందంపై సంతకం చేసింది. ఇది హెచ్.పి.సి.ఎల్.-రాజస్థాన్ రిఫైనరీ లిమిటెడ్ అనే జాయింట్ వెంచర్ కంపెనీ (జె.వి.సి.) క్రింద నిర్వహించబడుతుంది., హెచ్.పి.సి.ఎల్. 335 టి.ఎమ్.టి. సామర్థ్యంతో అంతర్జాతీయ ప్రమాణాల లూబ్ బేస్ ఆయిల్‌లను ఉత్పత్తి చేసే భారతదేశంలో అతిపెద్ద లూబ్రికెంట్ రిఫైనరీని కలిగి ఉంది, నిర్వహిస్తోంది. ఈ రిఫైనరీ భారతదేశం తమ మొత్తం ల్యూబ్ బేస్ ఆయిల్ ఉత్పత్తిలో 40% పైగా ఉంది. ప్రస్తుతం హెచ్.పి.సి.ఎల్. 300+ గ్రేడ్‌ల లూబ్‌లు, స్పెషాలిటీలు, గ్రీజులను ఉత్పత్తి చేస్తుంది.&lt;ref&gt;https://en.wikipedia.org/wiki/Hindustan_Petroleum_Corporation_Limited#Operations&lt;/ref&gt;

== గుర్తింపు ==
    భారత కార్పొరేట్ వ్యవహారాల మంత్రిత్వ శాఖ (MCA) నుండి వచ్చిన రికార్డుల ప్రకారం హిందుస్తాన్ పెట్రోలియం కార్పొరేషన్ లిమిటెడ్ సంస్థ కార్పొరేట్ గుర్తింపు సంఖ్య (CIN) L23201MH1952GOI008858 , దాని  నమోదు సంఖ్య 8858.0 గా నమోదు చేయబడింది. &lt;ref&gt;https://www.kaggle.com/datasets/rowhitswami/all-indian-companies-registration-data-1900-2019&lt;/ref&gt;హిందుస్తాన్ పెట్రోలియం కార్పొరేషన్ లిమిటెడ్ పబ్లిక్ సంస్థగా స్టాక్ మార్కెట్ లో జాబితా చేయబడింది, ఈ కంపెనీ షేర్ల ద్వారా పరిమితం చేయబడింది. 

== ఉత్పత్తులు ==
        హిందుస్తాన్ పెట్రోలియం కార్పొరేషన్ లిమిటెడ్ సంస్థ చమురు, వాయువు రంగంలో  ప్రధాన ఉత్పత్తులుగా  పెట్రోలియం, సహజ వాయువు, ఎల్.ఎన్.జి కందెనలు, పెట్రోకెమికల్స్ ఉన్నాయి. 
    

== మూలాలు ==
{{మూలాలజాబితా}}


[[వర్గం: తెవికీ భారతీయ సంస్థలు ]]
    [[వర్గం: తెవికీ భారత ప్రభుత్వ సంస్థలు ]][[వర్గం: మహారాష్ట్ర లోని సంస్థలు ]]
			</text>
			<sha1>p1zpsh4lk4hr6wru9j299f64vam782r</sha1>
		</revision>
	</page>
	

</mediawiki>