<mediawiki xmlns="http://www.mediawiki.org/xml/export-0.10/" xmlns:xsi="http://www.w3.org/2001/XMLSchema-instance" xsi:schemaLocation="http://www.mediawiki.org/xml/export-0.10/ http://www.mediawiki.org/xml/export-0.10.xsd" version="0.10" xml:lang="te">
	<siteinfo>
		<sitename>tewiki</sitename>
		<dbname>indicwiki</dbname>
		<base>https://tewiki.iiit.ac.in/index.php/%E0%B0%AE%E0%B1%8A%E0%B0%A6%E0%B0%9F%E0%B0%BF_%E0%B0%AA%E0%B1%87%E0%B0%9C%E0%B1%80</base>
		<generator>MediaWiki 1.34.0</generator>
		<case>first-letter</case>
		<namespaces>
			<namespace key="-2" case="first-letter">మీడియా</namespace>
			<namespace key="-1" case="first-letter">ప్రత్యేక</namespace>
			<namespace key="0" case="first-letter" />
			<namespace key="1" case="first-letter">చర్చ</namespace>
			<namespace key="2" case="first-letter">వాడుకరి</namespace>
			<namespace key="3" case="first-letter">వాడుకరి చర్చ</namespace>
			<namespace key="4" case="first-letter">Project</namespace>
			<namespace key="5" case="first-letter">Project చర్చ</namespace>
			<namespace key="6" case="first-letter">దస్త్రం</namespace>
			<namespace key="7" case="first-letter">దస్త్రంపై చర్చ</namespace>
			<namespace key="8" case="first-letter">మీడియావికీ</namespace>
			<namespace key="9" case="first-letter">మీడియావికీ చర్చ</namespace>
			<namespace key="10" case="first-letter">మూస</namespace>
			<namespace key="11" case="first-letter">మూస చర్చ</namespace>
			<namespace key="12" case="first-letter">సహాయం</namespace>
			<namespace key="13" case="first-letter">సహాయం చర్చ</namespace>
			<namespace key="14" case="first-letter">వర్గం</namespace>
			<namespace key="15" case="first-letter">వర్గం చర్చ</namespace>
			<namespace key="828" case="first-letter">మాడ్యూల్</namespace>
			<namespace key="829" case="first-letter">మాడ్యూల్ చర్చ</namespace>
			<namespace key="2300" case="first-letter">Gadget</namespace>
			<namespace key="2301" case="first-letter">Gadget talk</namespace>
			<namespace key="2302" case="case-sensitive">Gadget definition</namespace>
			<namespace key="2303" case="case-sensitive">Gadget definition talk</namespace>
			<namespace key="2600" case="first-letter">Topic</namespace>
		</namespaces>
	</siteinfo>


	<page>
		<title>ABG Shipyard</title>
		<ns>0</ns>
		<id>722001</id>
		<revision>
			<id>722001</id>
			<timestamp>2022-05-01T19-06-26Z</timestamp>
			<contributor>
				<username>Bhargav</username>
				<id>18869</id>
			</contributor>
			<comment>xmlpage created</comment>
			<model>wikitext</model>
			<format>text/x-wiki</format>
			<text xml:space="preserve" bytes="3261">
			
{{Infobox company
| name= ఎ.బి.జి షిప్‌యార్డ్| logo= Logo-ABG_Shipyard.jpg
| industry = పరిశ్రమలు
| hq_location = అహ్మదాబాద్
| hq_location_country = భారతదేశం
| type = ప్రజా
| founded = 1985
| key_people = రిషి అగర్వాల్ (ఛైర్మన్), రామ్ స్వరూప్ నక్రా (మేనేజింగ్ డైరెక్టర్), డిపి గుప్తా (వైస్ ప్రెసిడెంట్), సుబాస్ గంటాయత్ (వైస్ ప్రెసిడెంట్)
| website =https://www.abgindia.com
}}
&apos;&apos;&apos;ఎ.బి.జి షిప్‌యార్డ్&apos;&apos;&apos; అనే పేరుగల సంస్థ 1985 లో భారతదేశంలో కంపెనీల చట్టం నిబంధనల ప్రకారం స్థాపించబడింది. &lt;ref&gt;{{Cite web|title=Company website|url=https://www.abgindia.com|access-date=2021-06-07}}&lt;/ref&gt;ఇది ఒక ప్రజా రంగానికి చెందిన సంస్థ. ఈ సంస్థ రిజిస్ట్రార్ అఫ్ కంపెనీస్(ROC) అహ్మదాబాద్ వద్ద నమోదు చేయబడింది. ఈ సంస్థ ప్రధాన కార్యాలయం అహ్మదాబాద్ లో ఉంది. ఎ.బి.జి షిప్‌యార్డ్ సంస్థ ఓడ నిర్మాణం రంగంలో పనిచేస్తుంది. ఎ.బి.జి షిప్‌యార్డ్ సంస్థ ప్రస్తుతం చురుకుగా కార్యకలాపాలు సాగిస్తుంది. ఇది కంపెనీ షేర్ల ద్వారా పరిమితం చేయబడిన సంస్థ. ఈ సంస్థ అధీకృత వాటా మూలధనం (ఆర్థరైజ్డ్ కాపిటల్) రూ.170000007000, చెల్లించిన మూలధనం (పైడ్అప్ కాపిటల్) రూ.2015046660&lt;ref&gt;{{Cite web|title=Ministry of Corporate Affairs|url=https://www.mca.gov.in/content/mca/global/en/home.html|access-date=2021-06-07}}&lt;/ref&gt;. 
    

==చరిత్ర==

ఎ.బి.జి షిప్‌యార్డ్ లిమిటెడ్ అనేది విభిన్న వ్యాపార ప్రయోజనాలతో కూడిన ఎ.బి.జి గ్రూప్ ఆఫ్ కంపెనీలలో ఒక భాగం. 1985లో స్థాపించబడిన దీని ప్రధాన కార్యాలయం ముంబైలో ఉంది. ఇది గుజరాత్లోని సూరత్, దహేజ్లలో నౌకా నిర్మాణ కార్యకలాపాలను కలిగి ఉంది. అక్టోబరు 2010లో వెస్ట్రన్ ఇండియా షిప్యార్డ్ లిమిటెడ్ను స్వాధీనం చేసుకున్న తరువాత, ఇది గోవాలో ఓడ మరమ్మతు యూనిట్ను నిర్వహిస్తోంది, ఇది భారతదేశంలో అతిపెద్ద ఓడ నిర్వహణ సదుపాయం కలిగి ఉంది.  ఎ.బి.జి షిప్‌యార్డ్ 20 టన్నుల బరువు కలిగిన ఓడలను తయారు చేయగల సామర్థ్యంతో భారతదేశంలోని అతి పెద్ద ప్రైవేట్ షిప్ నిర్మాణ కంపెనీలలో ఒకటిగా అవతరించింది.&lt;ref&gt;{{Cite web|title=Wikipedia ref|url=https://en.wikipedia.org/wiki/ABG_Shipyard|access-date=2021-06-07}}&lt;/ref&gt;రిషి అగర్వాల్ (ఛైర్మన్), రామ్ స్వరూప్ నక్రా (మేనేజింగ్ డైరెక్టర్), డిపి గుప్తా (వైస్ ప్రెసిడెంట్), సుబాస్ గంటాయత్ (వైస్ ప్రెసిడెంట్) వంటివారు ఈ సంస్థకు చెందిన ప్రధాన వ్యక్తులు. 


==ఉత్పత్తులు==

ఈ సంస్థ వాణిజ్య నౌకల శ్రేణిని నిర్మిస్తుంది. వీటిలో సెల్ఫ్-లోడింగ్, సెల్ఫ్-డిశ్చార్జింగ్ బల్క్ క్యారియర్లు, కంటైనర్ షిప్లు, ఫ్లోటింగ్ క్రేన్లు, స్ప్లిట్ బార్జ్లు, యాంకర్ హ్యాండ్లింగ్ టగ్లు, డైనమిక్ పొజిషనింగ్ షిప్లు, ఆఫ్షోర్ సప్లై వెసెల్స్, డైవింగ్ సపోర్ట్ వెస్ల్స్ ఉన్నాయి.  ఎ.బి.జి షిప్‌యార్డ్ లిమిటెడ్ భారత నావికాదళం కోసం యుద్ధనౌకలు, అనేక ఇతర నౌకలను నిర్మించడానికి భారత ప్రభుత్వం నుండి అనుమతి పొందింది, ఇది పిపావావ్ షిప్యార్డ్ తర్వాత ఈ అనుమతి పొందిన రెండవ కార్పొరేట్ షిప్యార్డ్. 2004లో, ఇండియన్ కోస్ట్ గార్డ్ కోసం కాలుష్య-నియంత్రణ నౌకలను నిర్మించడానికి కాంట్రాక్ట్ పొందింది. 2009లో, షిప్యార్డ్ కోస్ట్ గార్డ్ కోసం 11 హై-స్పీడ్ వాటర్ జెట్ ప్రొపెల్డ్ ఇంటర్సెప్టర్లను నిర్మించడానికి ఎంపిక చేయబడింది. జూన్ 2011లో,  ఎ.బి.జి షిప్‌యార్డ్ లిమిటెడ్ భారతీయ నావికాదళం కోసం రెండు క్యాడెట్ శిక్షణా నౌకలను నిర్మించడానికి ₹9.7 బిలియన్ల (US$130 మిలియన్) ఒప్పందం పొందింది.

==సేవలు==
 ఈ సంస్థ షిప్ డిజైన్, షిప్ బిల్డింగ్, షిప్ రిపేర్ వంటి సేవలను అందిస్తుంది. 
    

==ఇతర వివరాలు==
 ఎ.బి.జి షిప్‌యార్డ్ కార్పొరేట్ గుర్తింపు సంఖ్య (CIN) L61200GJ1985PLC007730&lt;ref&gt;{{Cite web|title=Zaubacorp data|url=https://www.zaubacorp.com/|access-date=2021-06-07}}&lt;/ref&gt;, దీని నమోదు సంఖ్య 7730. 
    
==మూలాలు==
&lt;references /&gt;


			</text>
			<sha1>1wy7ocbvo17aidnghwejigu3sftlz1v</sha1>
		</revision>
	</page>
	




	<page>
		<title>Action Group</title>
		<ns>0</ns>
		<id>722002</id>
		<revision>
			<id>722002</id>
			<timestamp>2022-05-01T19-06-26Z</timestamp>
			<contributor>
				<username>Bhargav</username>
				<id>18869</id>
			</contributor>
			<comment>xmlpage created</comment>
			<model>wikitext</model>
			<format>text/x-wiki</format>
			<text xml:space="preserve" bytes="1495">
			
{{Infobox company
| name= యాక్షన్ గ్రూప్
| industry = సమ్మేళనం
| hq_location = న్యూఢిల్లీ
| hq_location_country = భారతదేశం
| type = ప్రైవేట్
| founded = 1972
| key_people = లాలా మాంగే, రామ్ అగర్వాల్ (ఛైర్మన్)
| website =http://www.actiongroup.co.in/
}}
&apos;&apos;&apos;యాక్షన్ గ్రూప్&apos;&apos;&apos; అనే పేరుగల సంస్థ 1972 లో భారతదేశంలో కంపెనీల చట్టం నిబంధనల ప్రకారం స్థాపించబడింది. &lt;ref&gt;{{Cite web|title=Company website|url=http://www.actiongroup.co.in/|access-date=2021-06-07}}&lt;/ref&gt;ఇది ఒక ప్రైవేట్ రంగానికి చెందిన సంస్థ. ఈ సంస్థ రిజిస్ట్రార్ అఫ్ కంపెనీస్(ROC) ఢిల్లీ వద్ద నమోదు చేయబడింది. ఈ సంస్థ ప్రధాన కార్యాలయం న్యూఢిల్లీ లో ఉంది. ఈ సంస్థ సమ్మేళనం పరిశ్రమలో సేవలు అందిస్తుంది. యాక్షన్ గ్రూప్ సంస్థ ప్రస్తుతం రద్దు చేయబడింది. ఇది కంపెనీ షేర్ల ద్వారా పరిమితం చేయబడిన సంస్థ. ఈ సంస్థ అధీకృత వాటా మూలధనం (ఆర్థరైజ్డ్ కాపిటల్) రూ.10000000, చెల్లించిన మూలధనం (పైడ్అప్ కాపిటల్) రూ.9967500&lt;ref&gt;{{Cite web|title=Ministry of Corporate Affairs|url=https://www.mca.gov.in/content/mca/global/en/home.html|access-date=2021-06-07}}&lt;/ref&gt;. 
    
==ఉత్పత్తులు==
 ఈ సంస్థ స్పోర్ట్స్ షూస్, స్టీల్, కెమికల్స్, రిటైల్, మీడియం డెన్సిటీ ఫైబర్బోర్డ్, పార్టికల్ బోర్డ్, నిరంతర విద్యుత్ సరఫరా వంటి ఉత్పత్తులను అందిస్తుంది. 
    

==ఇతర వివరాలు==
 భారత కార్పొరేట్ వ్యవహారాల మంత్రిత్వ శాఖ (MCA), యాక్షన్ గ్రూప్ సంస్థకి కార్పొరేట్ గుర్తింపు సంఖ్య (CIN) U74899DL1994PTC059676&lt;ref&gt;{{Cite web|title=Zaubacorp data|url=https://www.zaubacorp.com/|access-date=2021-06-07}}&lt;/ref&gt;, దాని నమోదు సంఖ్య 59676 ని కేటాయించింది. 
    
==మూలాలు==
&lt;references /&gt;


			</text>
			<sha1>mct1kebgbmrie1l2rw4vbpo0x09pau1</sha1>
		</revision>
	</page>
	




	<page>
		<title>Air Costa</title>
		<ns>0</ns>
		<id>722003</id>
		<revision>
			<id>722003</id>
			<timestamp>2022-05-01T19-06-26Z</timestamp>
			<contributor>
				<username>Bhargav</username>
				<id>18869</id>
			</contributor>
			<comment>xmlpage created</comment>
			<model>wikitext</model>
			<format>text/x-wiki</format>
			<text xml:space="preserve" bytes="3359">
			
{{Infobox company
| name= ఎయిర్ కోస్టా| logo= Air_Costa_Logo.jpg
| industry = వినియోగదారు సేవలు
| hq_location = విజయవాడ
| hq_location_country = భారతదేశం| type=ప్రైవేట్
| founded = 2013
| key_people = రమేష్ లింగమనేని (ఛైర్మన్), ఎల్విఎస్ రాజశేఖర్, వివేక్ చౌదరి (ముఖ్య కార్యనిర్వహణాధికారి)
}}
&apos;&apos;&apos;ఎయిర్ కోస్టా&apos;&apos;&apos; అనే పేరుగల సంస్థ భారతదేశంలో కంపెనీల చట్టం నిబంధనల ప్రకారం 2013 లో స్థాపించబడింది. &lt;ref&gt;{{Cite web|title=Company website|url=-|access-date=2021-06-07}}&lt;/ref&gt;ఇది ఒక ప్రైవేట్ రంగానికి చెందిన సంస్థ. ఈ సంస్థ రిజిస్ట్రార్ అఫ్ కంపెనీస్(ROC) హైదరాబాద్ వద్ద నమోదు చేయబడింది. ఈ సంస్థ ప్రధాన కార్యాలయం విజయవాడ లో ఉంది. ఈ సంస్థ వినియోగదారు సేవలు పరిశ్రమలో సేవలు అందిస్తుంది. ఎయిర్ కోస్టా సంస్థ విమానయాన రంగంలో పనిచేస్తుంది. ఎయిర్ కోస్టా సంస్థ ప్రస్తుతం చురుకుగా కార్యకలాపాలు సాగిస్తుంది. ఇది కంపెనీ షేర్ల ద్వారా పరిమితం చేయబడిన సంస్థ. ఈ సంస్థ అధీకృత వాటా మూలధనం (ఆర్థరైజ్డ్ కాపిటల్) రూ.500000000, చెల్లించిన మూలధనం (పైడ్అప్ కాపిటల్) రూ.249255216&lt;ref&gt;{{Cite web|title=Ministry of Corporate Affairs|url=https://www.mca.gov.in/content/mca/global/en/home.html|access-date=2021-06-07}}&lt;/ref&gt;. 
    

==చరిత్ర==

ఎయిర్ కోస్టా భారతీయ వ్యాపార సంస్థ ఎల్.ఇ.పి.ఎల్ గ్రూప్కు చెందినది. విమానయాన సంస్థ ఫిబ్రవరి 2012లో పౌర విమానయాన మంత్రిత్వ శాఖ నుండి నో-అబ్జెక్షన్ సర్టిఫికేట్ (NOC) పొందింది. విమానయాన సంస్థ మొదట్లో Q400 విమానాల సముదాయంతో కార్యకలాపాలు ప్రారంభించాలని భావించింది, అయితే జూన్ 2013లో పారిస్ ఎయిర్ షోలో ఎంబ్రేయర్ జెట్లను కొనుగోలు చేయాలనే నిర్ణయాన్ని ప్రకటించింది. సెప్టెంబర్ 2013లో డైరెక్టరేట్ జనరల్ ఆఫ్ సివిల్ ఏవియేషన్ (DGCA) నుండి ఎయిర్ కోస్టా దాని ఎయిర్ ఆపరేటర్స్ పర్మిట్ (AOP) పొందింది.అక్టోబరు 2013లో రెండు ఎంబ్రేయర్ E-170 ఎయిర్క్రాఫ్ట్లను ఉపయోగించి ఎయిర్లైన్ ప్రాంతీయ విమానయాన సంస్థగా కార్యకలాపాలు ప్రారంభించింది, 16 అక్టోబర్ 2013న చెన్నైలోని తన హబ్ నుండి మొదటి విమానం బయలుదేరింది. ఎయిర్లైన్ దేశంలోని టైర్ 2, టైర్ 3 నగరాల మధ్య కనెక్టివిటీపై దృష్టి పెట్టింది, 2015 నాటికి ₹600 కోట్లు (US$79 మిలియన్లు) పెట్టుబడి పెట్టింది.ఎయిర్ కోస్టా 13 ఫిబ్రవరి 2014న సింగపూర్ ఎయిర్షో సందర్భంగా $2.94 బిలియన్ల విలువైన 50 ఎంబ్రేయర్ E-జెట్స్ E2 విమానాలను ఆర్డర్ చేసింది. ఎంబ్రేయర్ ఆర్డర్ని రద్దు చేసింది. ప్రణాళిక ప్రకారం 2018లో మొదటి డెలివరీని తీసుకుంటే, ఎయిర్లైన్ ఆ రకానికి ఆసియా లాంచ్ కస్టమర్గా మారేది.సెప్టెంబరు 2015లో, ప్రాంతీయ విమానయాన సంస్థ తమ లైసెన్స్ను కలిగి ఉన్న ఎయిర్ కోస్టా, దాని లైసెన్స్ని జాతీయ విమానయాన సంస్థగా అప్గ్రేడ్ చేయడానికి ఏవియేషన్ రెగ్యులేటర్ డి.జి.సి.ఎ కి దరఖాస్తు చేసింది. ఎయిర్ కోస్టా 19 డిసెంబర్ 2015న పాన్-ఇండియా కార్యకలాపాల కోసం పౌర విమానయాన మంత్రిత్వ శాఖ నుండి నో-అబ్జెక్షన్ సర్టిఫికేట్ను పొందింది. సెప్టెంబర్ 2015 నాటికి రెండు ఎంబ్రేయర్ E-190లు జోడించబడ్డాయి. ఎయిర్ కోస్టా డిసెంబరు 2015లో మరో E-190ని జోడించింది, 2016లో మూడు నుండి ఐదు E-190 విమానాలను తన విమానాలలో చేర్చాలని ప్రణాళిక వేసింది. ఫిబ్రవరి 2016 నాటికి భారతీయ దేశీయ ఎయిర్లైన్ మార్కెట్లో ఎయిర్లైన్ 0.8% మార్కెట్ వాటాను కలిగి ఉంది.&lt;ref&gt;{{Cite web|title=Wikipedia ref|url=https://en.wikipedia.org/wiki/Air_Costa|access-date=2021-06-07}}&lt;/ref&gt;రమేష్ లింగమనేని (ఛైర్మన్), ఎల్విఎస్ రాజశేఖర్, వివేక్ చౌదరి (ముఖ్య కార్యనిర్వహణాధికారి) వంటివారు ఈ సంస్థకు చెందిన ప్రధాన వ్యక్తులు. 

==ఇతర వివరాలు==
 భారత కార్పొరేట్ వ్యవహారాల మంత్రిత్వ శాఖ (MCA), ఎయిర్ కోస్టా సంస్థకి కార్పొరేట్ గుర్తింపు సంఖ్య (CIN) U62200TG2011PTC074087&lt;ref&gt;{{Cite web|title=Zaubacorp data|url=https://www.zaubacorp.com/|access-date=2021-06-07}}&lt;/ref&gt;, దాని నమోదు సంఖ్య 74087 ని కేటాయించింది. 
    
==మూలాలు==
&lt;references /&gt;


			</text>
			<sha1>bekl3ebzb88mwu846ftz8h58ls39aqw</sha1>
		</revision>
	</page>
	




	<page>
		<title>Air Odisha</title>
		<ns>0</ns>
		<id>722004</id>
		<revision>
			<id>722004</id>
			<timestamp>2022-05-01T19-06-26Z</timestamp>
			<contributor>
				<username>Bhargav</username>
				<id>18869</id>
			</contributor>
			<comment>xmlpage created</comment>
			<model>wikitext</model>
			<format>text/x-wiki</format>
			<text xml:space="preserve" bytes="1965">
			
{{Infobox company
| name= ఎయిర్ ఒడిశా| logo= Air_Odisha_logo.png
| industry = వినియోగదారు సేవలు
| hq_location = భువనేశ్వర్
| hq_location_country = భారతదేశం| type=ప్రైవేట్
| founded = 2012
| key_people = అశుతోష్ పాణి (మేనేజింగ్ డైరెక్టర్)
| website =https://www.airodisha.com
}}
&apos;&apos;&apos;ఎయిర్ ఒడిశా&apos;&apos;&apos; అనే పేరుగల సంస్థ భారతదేశంలో కంపెనీల చట్టం నిబంధనల ప్రకారం 2012 లో స్థాపించబడింది. &lt;ref&gt;{{Cite web|title=Company website|url=https://www.airodisha.com|access-date=2021-06-07}}&lt;/ref&gt;ఇది ఒక ప్రైవేట్ రంగానికి చెందిన సంస్థ. ఈ సంస్థ రిజిస్ట్రార్ అఫ్ కంపెనీస్(ROC) కటక్ వద్ద నమోదు చేయబడింది. ఈ సంస్థ ప్రధాన కార్యాలయం భువనేశ్వర్ లో ఉంది. ఎయిర్ ఒడిశా సంస్థ వినియోగదారు సేవలు పరిశ్రమలో పనిచేస్తుంది. ఈ సంస్థ ముఖ్య కార్యకలాపాలు విమానయాన రంగంలో కలవు. ఎయిర్ ఒడిశా సంస్థ ప్రస్తుతం చురుకుగా కార్యకలాపాలు సాగిస్తుంది. ఇది కంపెనీ షేర్ల ద్వారా పరిమితం చేయబడిన సంస్థ. ఈ సంస్థ అధీకృత వాటా మూలధనం (ఆర్థరైజ్డ్ కాపిటల్) రూ.100000000, చెల్లించిన మూలధనం (పైడ్అప్ కాపిటల్) రూ.100000000&lt;ref&gt;{{Cite web|title=Ministry of Corporate Affairs|url=https://www.mca.gov.in/content/mca/global/en/home.html|access-date=2021-06-07}}&lt;/ref&gt;. 
    

==చరిత్ర==

ఎయిర్ ఒడిషా ఏవియేషన్ ప్రైవేట్ లిమిటెడ్ (AOAPL) ఒడిషా ప్రభుత్వం ఎయిర్ చార్టర్ సేవలను అందించడానికి ఏర్పాటు చేయబడింది. ఇది భారతదేశంలోని ప్రాంతీయ షెడ్యూల్డ్ ఎయిర్లైన్స్లో ఒకటి. ఎయిర్లైన్ షెడ్యూల్ చేసిన కార్యకలాపాలను 13 ఫిబ్రవరి 2018న ప్రారంభించడానికి లైసెన్స్ పొందింది, అంటే 12 ఫిబ్రవరి 2021 వరకు చెల్లుబాటు అవుతుంది. ఫిబ్రవరి 2018లో, ఎయిర్ ఒడిషా వాటాలో 60% అదానీ గ్రూప్ సంస్థ అయిన జి.ఎస్.ఇ.సి మోనార్క్ ఏవియేషన్కు విక్రయించబడింది.&lt;ref&gt;{{Cite web|title=Wikipedia ref|url=https://en.wikipedia.org/wiki/Air_Odisha|access-date=2021-06-07}}&lt;/ref&gt; ఈ సంస్థకు చెందిన ముఖ్య వ్యక్తులు అశుతోష్ పాణి (మేనేజింగ్ డైరెక్టర్).

==ఇతర వివరాలు==
 ఎయిర్ ఒడిశా కార్పొరేట్ గుర్తింపు సంఖ్య (CIN) U62200OR2011PTC013043&lt;ref&gt;{{Cite web|title=Zaubacorp data|url=https://www.zaubacorp.com/|access-date=2021-06-07}}&lt;/ref&gt;, దీని నమోదు సంఖ్య 13043. 
    
==మూలాలు==
&lt;references /&gt;


			</text>
			<sha1>9ban45z1ik9tog0c9xus03jfxfzyyd8</sha1>
		</revision>
	</page>
	




	<page>
		<title>Air India</title>
		<ns>0</ns>
		<id>722005</id>
		<revision>
			<id>722005</id>
			<timestamp>2022-05-01T19-06-26Z</timestamp>
			<contributor>
				<username>Bhargav</username>
				<id>18869</id>
			</contributor>
			<comment>xmlpage created</comment>
			<model>wikitext</model>
			<format>text/x-wiki</format>
			<text xml:space="preserve" bytes="1365">
			
{{Infobox company
| name= ఎయిర్ ఇండియా| logo= Air_India_Logo.svg
| industry = వినియోగదారు సేవలు
| hq_location = న్యూఢిల్లీ
| hq_location_country = భారతదేశం| type=ప్రజా
| founded = 1932
| key_people = టాటా (వ్యవస్థాపకుడు), నటరాజన్ చంద్రశేఖరన్ (ఛైర్మన్)
| website =https://www.airindia.in
}}
&apos;&apos;&apos;ఎయిర్ ఇండియా&apos;&apos;&apos; అనే పేరుగల సంస్థ 1932 లో భారతదేశంలో కంపెనీల చట్టం నిబంధనల ప్రకారం స్థాపించబడింది. &lt;ref&gt;{{Cite web|title=Company website|url=https://www.airindia.in|access-date=2021-06-07}}&lt;/ref&gt;ఇది ఒక ప్రజా రంగానికి చెందిన సంస్థ. ఈ సంస్థ రిజిస్ట్రార్ అఫ్ కంపెనీస్(ROC) ఢిల్లీ వద్ద నమోదు చేయబడింది. న్యూఢిల్లీ లో దీని ప్రధాన కార్యాలయం స్థాపించబడింది. ఈ సంస్థ వినియోగదారు సేవలు పరిశ్రమలో సేవలు అందిస్తుంది. ఈ సంస్థ ముఖ్య కార్యకలాపాలు విమానయాన రంగంలో కలవు. ఎయిర్ ఇండియా సంస్థ ప్రస్తుతం చురుకుగా కార్యకలాపాలు సాగిస్తుంది. ఇది కంపెనీ షేర్ల ద్వారా పరిమితం చేయబడిన సంస్థ. ఈ సంస్థ అధీకృత వాటా మూలధనం (ఆర్థరైజ్డ్ కాపిటల్) రూ.349999989000, చెల్లించిన మూలధనం (పైడ్అప్ కాపిటల్) రూ.326652199000&lt;ref&gt;{{Cite web|title=Ministry of Corporate Affairs|url=https://www.mca.gov.in/content/mca/global/en/home.html|access-date=2021-06-07}}&lt;/ref&gt;. 
    
==ఇతర వివరాలు==
 ఎయిర్ ఇండియా కార్పొరేట్ గుర్తింపు సంఖ్య (CIN) U62200DL2007GOI161431&lt;ref&gt;{{Cite web|title=Zaubacorp data|url=https://www.zaubacorp.com/|access-date=2021-06-07}}&lt;/ref&gt;, దీని నమోదు సంఖ్య 161431. 
    
==మూలాలు==
&lt;references /&gt;


			</text>
			<sha1>6aws5nedt6x4154amyz2ficql4rfsxl</sha1>
		</revision>
	</page>
	

</mediawiki>